CISO,FOURCORNE345,BRDY,BCHA,PPW,Y861833,TEPC,NWMT
BPAT,BORA,RedB,NEVP,PPW,Y853602,IPCO,NEVP
BPAT,BORA,RedB,CISO,PPW,Y851247,IPCO,NEVP
AZPS,FOURCORNE345,GON.PAV,BCHA,PPW,Y824363,AZPS,NEVP
SWPP,DJ,YTP,BCHA,PPW,Y761692,LAPT,NWMT
BCHA,BRDY,FOURCORNE345,TEPC,PPW,Y723044,IPCO,NULL
BCHA,FGE,JBSN,TEPC,PPW,Y723044,PPW,PPW
BCHA,JBSN,JBSN,TEPC,PPW,Y723044,PPW,IPCO
BCHA,YTP,FGE,TEPC,PPW,Y723044,NWMT,PPW
TEPC,FOURCORNE345,BRDY,BCHA,PPW,Y721763,TEPC,IPCO
TEPC,FOURCORNE345,BORA,BCHA,PPW,Y721762,TEPC,IPCO
EPE,FOURCORNE345,BRDY,BCHA,PPW,Y721759,TEPC,IPCO
AZPS,FOURCORNE345,BRDY,BCHA,PPW,Y721751,TEPC,IPCO
EPE,FOURCORNE345,BORA,BCHA,PPW,Y721750,TEPC,IPCO
CISO,BRDY,BPAT.NWMT,BCHA,PPW,Y696790,PPW,PPW
BCHA,BORA,Glencanyon2,CISO,PPW,Y660994,IPCO,CRCM
BCHA,BORA,RedB,CISO,PPW,Y660251,IPCO,NEVP
BCHA,BORA,FOURCORNE345,CISO,PPW,Y655488,IPCO,PPW
BCHA,BORA,GON.PAV,CISO,PPW,Y653479,IPCO,NEVP
IPCO,BRDY,FOURCORNE345,CISO,PPW,XP13MOA,IPCO,AZPS
CISO,FOURCORNE345,DJ,PSCO,PPW,WEST284,TEPC,TSGT
AZPS,FOURCORNE345,BORA,AVA,PPW,UU02608,AZPS,PPW
WALC,RedB,BORA,BPAT,PPW,UU02382,NEVP,PPW
SWPP,DJ,YTP,BPAT,PPW,UT94308,TSGT,NWMT
BPAT,DJ,FGE,TEPC,PPW,UGTS10I,LAPT,CRCM
TEPC,FOURCORNE345,YTP,NWMT,PPW,UGC5188,TEPC,PPW
TEPC,YTP,BPAT.NWMT,NWMT,PPW,UGC5186,PPW,NWMT
SWPP,BRDY,FOURCORNE345,TEPC,PPW,UGC3475,PPW,NT4C
SWPP,BPAT.NWMT,BRDY,TEPC,PPW,UGC3475,PPW,PPW
BPAT,DJ,FGE,CISO,PPW,UCC615D,LAPT,PPW
BPAT,DJ,FGE,NEVP,PPW,UCC615B,LAPT,CRCM
BPAT,BRDY,FOURCORNE345,WALC,PPW,TSS14TQ,IPCO,TEPC
PACE,YTP,YTP,AESO,PPW,TO42013,LAPT,NWMT
WACM,DJ,YTP,BPAT,PPW,TO31846,TSGT,TEPC
BPAT,BPAT.NWMT,BRDY,WACM,PPW,TO31249,PPW,PPW
BPAT,BRDY,DJ,WACM,PPW,TO31248,PPW,TSGT
BPAT,JBSN,JBSN,WACM,PPW,TO29943,IPCO,PPW
WACM,WYODAK,YTP,BPAT,PPW,TO22905,BHBE,NWMT
BPAT,BRDY,FOURCORNE345,TEPC,PPW,TNX22HF,PPW,TEPC
BPAT,BPAT.NWMT,BRDY,TEPC,PPW,TNX22HF,PPW,PPW
BPAT,BPAT.NWMT,BRDY,PACE,PPW,TLR8845,SC,PPW
BPAT,BPAT.NWMT,BRDY,EPE,PPW,TLR5952,PPW,PPW
BPAT,BRDY,FOURCORNE345,EPE,PPW,TLR5952,PPW,TEPC
BPAT,BPAT.NWMT,BRDY,CISO,PPW,TLR5932,TSGT,TSGT
BPAT,BRDY,FOURCORNE345,CISO,PPW,TLR5932,PPW,TEPC
PSEI,BRDY,FOURCORNE345,CISO,PPW,TLR5916,PPW,TEPC
PSEI,BPAT.NWMT,BRDY,CISO,PPW,TLR5916,PPW,PPW
PSEI,BRDY,FOURCORNE345,PSCO,PPW,TLR5820,PPW,PSCO
PSEI,BPAT.NWMT,BRDY,PSCO,PPW,TLR5820,PPW,PPW
BPAT,BRDY,FOURCORNE345,WACM,PPW,TLR5032,PPW,TSGT
AVRN,FOURCORNE345,DJ,PSCO,PPW,TLR4117,TEPC,BEPW
PSEI,FOURCORNE345,DJ,PSCO,PPW,TLR4105,TEPC,BEPW
EPE,FOURCORNE345,DJ,PSCO,PPW,TLR3843,TEPC,BEPW
NWMT,BRDY,DJ,PSCO,PPW,TLR3729,NWMT,LAPT
BPAT,BRDY,DJ,PSCO,PPW,TLR3668,PPW,BEPW
BPAT,BPAT.NWMT,BRDY,PSCO,PPW,TLR3668,PPW,PPW
AVRN,BPAT.NWMT,BRDY,PACE,PPW,TLR0725,PPW,PPW
PSEI,BPAT.NWMT,BRDY,PACE,PPW,TLQ7516,PPW,PPW
AVA,BORA,DJ,SWPP,PPW,TLQ6755,IPCO,BHBE
BPAT,BORA,DJ,SWPP,PPW,TLQ6754,IPCO,BHBE
PSEI,BORA,DJ,SWPP,PPW,TLQ6593,IPCO,BHBE
SWPP,DJ,JBSN,CISO,PPW,TLQ4761,TSGT,PPW
WALC,RedB,DJ,WACM,PPW,TLP6922,NEVP,TSGT
AVRN,BORA,RedB,CISO,PPW,TLP3303,IPCO,NEVP
NWMT,BORA,RedB,CISO,PPW,TLP3301,IPCO,NEVP
AESO,BPAT.NWMT,BRDY,CISO,PPW,TLP3069,PPW,PPW
TEPC,RedB,WYODAK,PSCO,PPW,TLP1593,NEVP,BHBE
SRP,RedB,DJ,PSCO,PPW,TLP1218,NEVP,BHBE
TEPC,JBSN,WYODAK,PSCO,PPW,TLP1030,PPW,BHBE
CISO,JBSN,DJ,WACM,PPW,TLP0645,PPW,LAPT
CISO,JBSN,DJ,PSCO,PPW,TLP0441,PPW,LAPT
CISO,RedB,DJ,PSCO,PPW,TLP0253,NEVP,BHBE
TEPC,Glencanyon2,FGE,PSCO,PPW,TLO9479,CRCM,CRCM
WACM,DJ,FGE,WACM,PPW,TLO8027,BHBE,CRCM
BPAT,BRDY,FGE,PSCO,PPW,TLO1462,PPW,CRCM
PSEI,BPAT.NWMT,BRDY,SWPP,PPW,TLN2905,PPW,PPW
PSEI,BRDY,DJ,SWPP,PPW,TLN2905,PPW,BHBE
NWMT,YTP,DJ,WACM,PPW,TLM9262,SEHA,TSGT
AVRN,BPAT.NWMT,BRDY,CISO,PPW,TLM6943,PPW,PPW
AVRN,BRDY,FOURCORNE345,CISO,PPW,TLM6943,PPW,TEPC
SWPP,YTP,JBSN,CISO,PPW,TLM0063,SWPP,PPW
NWMT,YTP,FGE,WACM,PPW,TLL9608,NWMT,CRCM
NWMT,YTP,JBSN,CISO,PPW,TLL8686,NWMT,PPW
IPCO,BRDY,BPAT.NWMT,CISO,PPW,TLL7943,PPW,PPW
WACM,BRDY,BPAT.NWMT,CISO,PPW,TLL7942,PPW,PPW
WACM,BRDY,BPAT.NWMT,AVRN,PPW,TLL7936,PPW,PPW
PSCO,BRDY,BPAT.NWMT,AVRN,PPW,TLL7884,PPW,PPW
PSCO,BRDY,BPAT.NWMT,PSEI,PPW,TLL7882,PPW,PPW
WACM,BRDY,BPAT.NWMT,PSEI,PPW,TLL7879,PPW,PPW
WACM,BRDY,BPAT.NWMT,NWMT,PPW,TLL7523,PPW,PPW
PSCO,DJ,JBSN,CISO,PPW,TLL7366,LAPT,PPW
BPAT,JBSN,DJ,BPAT,PPW,TLL2808,PPW,LAPT
PACE,BRDY,BPAT.NWMT,NWMT,PPW,TLL0519,PPW,PPW
NWMT,BORA,DJ,WACM,PPW,TLK9053,PPW,BHBE
TEPC,BORA,FGE,WACM,PPW,TLK3066,PPW,CRCM
TEPC,FOURCORNE345,BORA,WACM,PPW,TLK3066,TEPC,PPW
CISO,RedB,DJ,SWPP,PPW,TLK1225,NEVP,BHBE
CISO,FOURCORNE345,DJ,SWPP,PPW,TLK0910,TEPC,BHBE
PACE,BRDY,BPAT.NWMT,CISO,PPW,TLJ4897,PPW,PPW
NWMT,JBSN,DJ,PSCO,PPW,TLJ4635,PPW,BEPW
AZPS,FOURCORNE345,RedB,BPAT,PPW,TLJ4081,TEPC,PPW
AZPS,RedB,BRDY,BPAT,PPW,TLJ4081,PPW,PPW
AZPS,FOURCORNE345,RedB,CISO,PPW,TLJ3997,TEPC,NEVP
AZPS,FOURCORNE345,BRDY,BPAT,PPW,TLJ3245,TEPC,PPW
PSCO,YTP,JBSN,CISO,PPW,TLJ2937,LAPT,PPW
CISO,BRDY,BPAT.NWMT,NWMT,PPW,TLJ2129,PPW,PPW
CISO,FOURCORNE345,BRDY,NWMT,PPW,TLJ2129,TEPC,PPW
AZPS,BRDY,BPAT.NWMT,AVRN,PPW,TLJ1918,PPW,PPW
AZPS,FOURCORNE345,BRDY,AVRN,PPW,TLJ1918,TEPC,PPW
WALC,FOURCORNE345,BRDY,BPAT,PPW,TLJ0969,TEPC,PPW
WALC,BRDY,BPAT.NWMT,BPAT,PPW,TLJ0969,PPW,PPW
CISO,BRDY,BPAT.NWMT,BPAT,PPW,TLJ0962,PPW,PPW
CISO,FOURCORNE345,BRDY,BPAT,PPW,TLJ0962,TEPC,PPW
TEPC,FOURCORNE345,BORA,BPAT,PPW,TLI7389,TEPC,PPW
TEPC,FOURCORNE345,BRDY,BPAT,PPW,TLI6069,TEPC,PPW
TEPC,BRDY,BPAT.NWMT,BPAT,PPW,TLI5249,PPW,PPW
SWPP,YTP,DJ,CISO,PPW,TLI2694,SWPP,TSGT
SWPP,DJ,JBSN,BPAT,PPW,TLG9659,LAPT,PPW
SWPP,DJ,FGE,CISO,PPW,TLG9463,TSGT,CRCM
SWPP,DJ,JBSN,NWMT,PPW,TLG9440,BHBE,PPW
SWPP,DJ,JBSN,PSEI,PPW,TLG9438,LAPT,PPW
SWPP,DJ,JBSN,GRID,PPW,TLG9404,BHBE,PPW
SWPP,DJ,JBSN,AESO,PPW,TLG9273,BHBE,PPW
SWPP,DJ,JBSN,PACE,PPW,TLG9160,PPW,PPW
GRID,BPAT.NWMT,BRDY,PACE,PPW,TLG8293,PPW,PPW
CISO,JBSN,DJ,SWPP,PPW,TLG2273,PPW,BHBE
SWPP,YTP,DJ,WACM,PPW,TLF8841,SWPP,TSGT
BPAT,JBSN,DJ,PSCO,PPW,TLF8686,PPW,BEPW
SWPP,BPAT.NWMT,BRDY,CISO,PPW,TLF6928,PPW,PPW
SWPP,YTP,FGE,PACE,PPW,TLF6763,NWMT,CRCM
WACM,DJ,JBSN,CISO,PPW,TLF5547,LAPT,PPW
WACM,DJ,JBSN,PACE,PPW,TLF4367,BHBE,PPW
SWPP,YTP,JBSN,PACE,PPW,TLF2193,SWPP,PPW
PACE,BRDY,BPAT.NWMT,BPAT,PPW,TLE9937,PPW,PPW
BPAT,YTP,DJ,WACM,PPW,TLE8933,NWMT,TSGT
BPAT,BORA,FOURCORNE345,WACM,PPW,TLE7346,IPCO,TEPC
CISO,Glencanyon2,YTP,SWPP,PPW,TLE6903,CRCM,NWMT
WACM,BRDY,BPAT.NWMT,GRID,PPW,TLE5722,PPW,PPW
WACM,DJ,JBSN,GRID,PPW,TLE5722,BHBE,PPW
WACM,DJ,JBSN,BPAT,PPW,TLE1638,TSGT,PPW
PSCO,DJ,JBSN,AVRN,PPW,TLE1625,BEPW,PPW
PSCO,BRDY,BPAT.NWMT,CISO,PPW,TLE1624,PPW,PPW
PSCO,BRDY,BPAT.NWMT,BPAT,PPW,TLE1596,TSGT,TSGT
PSCO,DJ,JBSN,BPAT,PPW,TLE1596,WALC,WALC
SWPP,BRDY,BPAT.NWMT,BPAT,PPW,TLE1558,PPW,PPW
NEVP,BRDY,BPAT.NWMT,BPAT,PPW,TLE1329,PPW,PPW
NEVP,FOURCORNE345,BRDY,BPAT,PPW,TLE1329,TEPC,PPW
AZPS,BRDY,BPAT.NWMT,BPAT,PPW,TLE1309,PPW,PPW
WALC,Glencanyon2,BRDY,BPAT,PPW,TLE1234,CRCM,PPW
BPAT,JBSN,JBSN,PACE,PPW,TLD9907,IPCO,PPW
SWPP,DJ,JBSN,EPE,PPW,TLD7852,LAPT,PPW
WACM,BRDY,BPAT.NWMT,BPAT,PPW,TLD6909,PPW,PPW
WACM,Glencanyon2,BRDY,BPAT,PPW,TLD6909,CRCM,PPW
AVRN,BORA,DJ,SWPP,PPW,TLD6659,IPCO,BHBE
NWMT,BPAT.NWMT,DJ,SWPP,PPW,TLD4692,NWMT,LAPT
SWPP,YTP,FGE,CISO,PPW,TLD3525,SWPP,CRCM
AVA,BPAT.NWMT,BRDY,PACE,PPW,TLC6161,PPW,PPW
PSEI,BRDY,FOURCORNE345,WACM,PPW,TLC6160,PPW,CRCM
PSEI,BPAT.NWMT,BRDY,WACM,PPW,TLC6160,PPW,PPW
TEPC,FOURCORNE345,BRDY,NWMT,PPW,TLC4535,TEPC,NWMT
SWPP,JBSN,BRDY,PACE,PPW,TLC4329,PPW,PPW
TEPC,FOURCORNE345,BRDY,GRID,PPW,TLC2733,TEPC,PPW
TEPC,BRDY,BPAT.NWMT,GRID,PPW,TLC2733,PPW,PPW
WACM,DJ,JBSN,AVRN,PPW,TLC2690,LAPT,PPW
SWPP,YTP,JBSN,AVRN,PPW,TLC2684,NWMT,PPW
SWPP,YTP,JBSN,NWMT,PPW,TLC2674,PPW,PPW
SWPP,YTP,JBSN,BPAT,PPW,TLC2541,NWMT,PPW
SWPP,BORA,FOURCORNE345,CISO,PPW,TLB8856,IPCO,AZPS
PSEI,JBSN,FGE,CISO,PPW,TLB7078,IPCO,CRCM
NWMT,BRDY,FOURCORNE345,EPE,PPW,TLB6933,PPW,PNM
NWMT,BPAT.NWMT,BRDY,EPE,PPW,TLB6933,PPW,PPW
CISO,Glencanyon2,BPAT.NWMT,AESO,PPW,TLB6689,CRCM,NWMT
CISO,BRDY,BPAT.NWMT,AESO,PPW,TLB6683,PPW,PPW
CISO,FOURCORNE345,BRDY,AESO,PPW,TLB6683,TEPC,PPW
WACM,DJ,BORA,AESO,PPW,TLB6439,BEPW,IPCO
WACM,DJ,FOURCORNE345,EPE,PPW,TLB6436,BEPW,PNM
WACM,DJ,BORA,NWMT,PPW,TLB6432,BEPW,IPCO
WACM,BRDY,BPAT.NWMT,AESO,PPW,TLB6379,PPW,PPW
WACM,FOURCORNE345,BRDY,AESO,PPW,TLB6379,CRCM,PPW
NWMT,YTP,DJ,CISO,PPW,TLB2824,NWMT,PPW
AESO,BRDY,FOURCORNE345,CISO,PPW,TLB2296,PPW,AZPS
SWPP,JBSN,BRDY,CISO,PPW,TLB1515,PPW,PPW
SWPP,YTP,FOURCORNE345,CISO,PPW,TLA8942,NWMT,TEPC
AZPS,FOURCORNE345,BORA,IPCO,PPW,TLA5349,TEPC,IPCO
CISO,FOURCORNE345,BORA,IPCO,PPW,TLA5325,TEPC,IPCO
TEPC,FOURCORNE345,BORA,IPCO,PPW,TLA4889,TEPC,IPCO
AESO,BPAT.NWMT,BRDY,PACE,PPW,TLA4040,PPW,PPW
BPAT,YTP,DJ,SWPP,PPW,TLA3824,NWMT,LAPT
AZPS,FOURCORNE345,BORA,CISO,PPW,TLA0487,TEPC,IPCO
SWPP,YTP,YTP,NWMT,PPW,TKZ8600,LAPT,PPW
NWMT,BPAT.NWMT,BRDY,CISO,PPW,TKZ6319,PPW,PPW
AESO,BPAT.NWMT,BRDY,GRID,PPW,TKZ2215,PPW,PPW
BPAT,BPAT.NWMT,BRDY,NEVP,PPW,TKZ2086,PPW,PPW
NWMT,BRDY,FOURCORNE345,CISO,PPW,TKZ0465,NWMT,AZPS
CISO,FOURCORNE345,BRDY,AVA,PPW,TKZ0327,TEPC,PPW
CISO,BRDY,BPAT.NWMT,AVA,PPW,TKZ0327,PPW,PPW
BPAT,BRDY,FOURCORNE345,SWPP,PPW,TKY9989,PPW,TEPC
BPAT,BPAT.NWMT,BRDY,SWPP,PPW,TKY9989,PPW,PPW
BPAT,BORA,YTP,SWPP,PPW,TKY9835,IPCO,NWMT
BPAT,BORA,DJ,PSCO,PPW,TKY9483,IPCO,BEPW
BPAT,BPAT.NWMT,YTP,SWPP,PPW,TKY9482,BPAT,NWMT
NWMT,BPAT.NWMT,YTP,SWPP,PPW,TKY9471,NWMT,NWMT
GRID,BORA,DJ,PSCO,PPW,TKY9468,IPCO,BEPW
AZPS,FOURCORNE345,BORA,BPAT,PPW,TKY7566,TEPC,PPW
CISO,BRDY,BPAT.NWMT,SWPP,PPW,TKY7549,PPW,PPW
CISO,BPAT.NWMT,DJ,SWPP,PPW,TKY6042,PPW,LAPT
IPCO,BRDY,BPAT.NWMT,NWMT,PPW,TKY5728,PPW,PPW
PACE,BRDY,BPAT.NWMT,SWPP,PPW,TKY2066,PPW,PPW
CISO,FOURCORNE345,BORA,AESO,PPW,TKX8866,TEPC,IPCO
CISO,FOURCORNE345,BORA,BPAT,PPW,TKX8387,TEPC,PPW
CISO,FOURCORNE345,BORA,NWMT,PPW,TKX8300,TEPC,IPCO
AVRN,BPAT.NWMT,BRDY,WACM,PPW,TKX5697,PPW,PPW
AVRN,BRDY,FOURCORNE345,WACM,PPW,TKX5697,PPW,CRCM
NWMT,BORA,DJ,PSCO,PPW,TKX5102,IPCO,BEPW
NWMT,BPAT.NWMT,BRDY,PACE,PPW,TKX0951,PPW,PPW
AZPS,FOURCORNE345,BRDY,NWMT,PPW,TKW7615,TEPC,PPW
NEVP,RedB,GON.PAV,BPAT,PPW,TKW4927,NEVP,NEVP
GRID,RedB,GON.PAV,BPAT,PPW,TKW4813,NEVP,NEVP
CISO,RedB,GON.PAV,BPAT,PPW,TKW4640,NEVP,NEVP
AZPS,RedB,GON.PAV,BPAT,PPW,TKW3955,NEVP,NEVP
CISO,Glencanyon2,BORA,BPAT,PPW,TKW0661,CRCM,IPCO
TEPC,RedB,GON.PAV,BPAT,PPW,TKV9530,NEVP,NEVP
AZPS,FOURCORNE345,BORA,NWMT,PPW,TKV7117,TEPC,PPW
WACM,FOURCORNE345,BORA,BCHA,PPW,TKV6880,CRCM,IPCO
WACM,DJ,FOURCORNE345,WALC,PPW,TKV0808,BEPW,TEPC
SWPP,YTP,BRDY,NWMT,PPW,TKU9028,NWMT,NWMT
BPAT,BRDY,DJ,BPAT,PPW,TKU1150,PPW,LAPT
TEPC,FOURCORNE345,BRDY,SWPP,PPW,TKT8231,TEPC,NWMT
BPAT,BRDY,RedB,CISO,PPW,TKT7147,PPW,NEVP
TEPC,RedB,BRDY,BPAT,PPW,TKT7023,NEVP,IPCO
SWPP,BRDY,RedB,CISO,PPW,TKT6785,PPW,NEVP
GRID,FOURCORNE345,BRDY,BPAT,PPW,TKT6205,AZPS,PPW
AVRN,BRDY,RedB,CISO,PPW,TKT3490,PPW,NEVP
GRID,RedB,BORA,NEVP,PPW,TKT1731,NEVP,IPCO
EPE,FOURCORNE345,BRDY,BPAT,PPW,TKS7839,TEPC,PPW
NWMT,BRDY,FOURCORNE345,WACM,PPW,TKS7146,PPW,TSGT
NWMT,BPAT.NWMT,BRDY,WACM,PPW,TKS7146,PPW,PPW
AESO,BPAT.NWMT,BRDY,WACM,PPW,TKS7000,PPW,PPW
AESO,BRDY,FOURCORNE345,WACM,PPW,TKS7000,PPW,CRCM
GRID,FOURCORNE345,BORA,BPAT,PPW,TKS5633,TEPC,PPW
CISO,RedB,BRDY,BPAT,PPW,TKS1615,NEVP,PPW
PACE,FOURCORNE345,BRDY,AVRN,PPW,TKS0750,PPW,PPW
PACE,BRDY,BPAT.NWMT,AVRN,PPW,TKS0750,PPW,PPW
BPAT,YTP,JBSN,BPAT,PPW,TKR6359,LAPT,IPCO
BPAT,YTP,DJ,BPAT,PPW,TKR5888,PPW,LAPT
EPE,BRDY,BPAT.NWMT,CISO,PPW,TKR4867,PPW,PPW
EPE,FOURCORNE345,BRDY,CISO,PPW,TKR4867,TEPC,PPW
TEPC,Glencanyon2,BRDY,NWMT,PPW,TKR2541,CRCM,NWMT
CISO,RedB,BORA,IPCO,PPW,TKR0467,NEVP,IPCO
BPAT,BRDY,YTP,BPAT,PPW,TKP9784,IPCO,PPW
GRID,BPAT.NWMT,BRDY,CISO,PPW,TKO8238,PPW,PPW
SWPP,YTP,YTP,AVA,PPW,TKO6529,PPW,PPW
PSCO,JBSN,RedB,WALC,PPW,TKO6488,PPW,NEVP
PSCO,DJ,JBSN,WALC,PPW,TKO6488,PPW,PPW
PSCO,FGE,DJ,WALC,PPW,TKO6488,CRCM,PPW
PSCO,FGE,DJ,NEVP,PPW,TKO6477,CRCM,PPW
PSCO,DJ,JBSN,NEVP,PPW,TKO6477,PPW,PPW
PSCO,JBSN,RedB,NEVP,PPW,TKO6477,PPW,NEVP
PSCO,JBSN,FOURCORNE345,TEPC,PPW,TKO6392,PPW,TEPC
PSCO,DJ,JBSN,TEPC,PPW,TKO6392,LAPT,PPW
SWPP,YTP,BRDY,CISO,PPW,TKO0257,NWMT,PPW
WACM,BRDY,RedB,CISO,PPW,TKN9722,PPW,NEVP
PSEI,BRDY,FOURCORNE345,TEPC,PPW,TKN1964,PPW,TEPC
BCHA,BPAT.NWMT,BRDY,NEVP,PPW,TKM6545,PPW,PPW
BPAT,BRDY,FOURCORNE345,PSCO,PPW,TKL4206,PPW,PSCO
NWMT,JBSN,FGE,PSCO,PPW,TKL4198,IPCO,CRCM
NWMT,BRDY,FOURCORNE345,PSCO,PPW,TKL4196,NWMT,PSCO
BPAT,BRDY,BPAT.NWMT,BPAT,PPW,TKL2472,PPW,PPW
SWPP,YTP,DJ,EPE,PPW,TKL1931,NWMT,BEPW
BPAT,RedB,BORA,BPAT,PPW,TKK6959,NEVP,IPCO
CISO,FOURCORNE345,DJ,WACM,PPW,TKK4589,TSGT,TSGT
SWPP,YTP,DJ,PSCO,PPW,TKK4186,NWMT,LAPT
NWMT,YTP,DJ,EPE,PPW,TKK4171,NWMT,BEPW
BPAT,YTP,DJ,PSCO,PPW,TKK3161,PSEI,PPW
BPAT,FOURCORNE345,BORA,BPAT,PPW,TKK2757,PSCO,IPCO
BPAT,BRDY,RedB,BPAT,PPW,TKK2724,IPCO,NEVP
CISO,BRDY,BPAT.NWMT,AVRN,PPW,TKJ9618,PPW,PPW
CISO,RedB,BRDY,AVRN,PPW,TKJ9618,NEVP,PPW
AVRN,BORA,FOURCORNE345,EPE,PPW,TKJ8544,IPCO,PNM
AVRN,BPAT.NWMT,BRDY,EPE,PPW,TKJ8541,PPW,PPW
AVRN,BRDY,FOURCORNE345,EPE,PPW,TKJ8541,PPW,PNM
CISO,RedB,BRDY,NWMT,PPW,TKI2623,NEVP,PPW
CISO,GON.PAV,BPAT.NWMT,NWMT,PPW,TKI2621,NEVP,NWMT
IPCO,BORA,RedB,CISO,PPW,TKI2579,IPCO,NEVP
WACM,FOURCORNE345,BRDY,BPAT,PPW,TKH8547,PSCO,PPW
CISO,RedB,BRDY,AVA,PPW,TKH7866,NEVP,PPW
CISO,JBSN,YTP,SWPP,PPW,TKH7733,PPW,NWMT
CISO,RedB,BRDY,SWPP,PPW,TKH7732,NEVP,PPW
CISO,RedB,BRDY,PSEI,PPW,TKH6771,NEVP,IPCO
CISO,RedB,BRDY,AESO,PPW,TKH6350,NEVP,IPCO
BPAT,BPAT.NWMT,BRDY,BPAT,PPW,TKH6027,PPW,PPW
SWPP,FGE,JBSN,CISO,PPW,TKH4451,CRCM,IPCO
CISO,FOURCORNE345,BRDY,PSEI,PPW,TKH3693,TEPC,IPCO
BPAT,BRDY,DJ,CISO,PPW,TKH3673,PPW,LAPT
AVA,BRDY,RedB,CISO,PPW,TKG9787,IPCO,NEVP
BPAT,JBSN,DJ,WACM,PPW,TKG8323,PPW,TSGT
CISO,RedB,BORA,BPAT,PPW,TKG4856,NEVP,IPCO
WACM,DJ,JBSN,PSEI,PPW,TKG4569,BEPW,PPW
WACM,DJ,JBSN,NWMT,PPW,TKG4275,BEPW,PPW
WACM,DJ,JBSN,AESO,PPW,TKG4274,BEPW,PPW
SWPP,FOURCORNE345,BRDY,BPAT,PPW,TKG2813,TEPC,PPW
WACM,FGE,JBSN,BPAT,PPW,TKG0836,CRCM,IPCO
NWMT,BRDY,RedB,CISO,PPW,TKF7531,NWMT,NEVP
WACM,FOURCORNE345,BRDY,AVRN,PPW,TKF7195,PNM,PPW
WACM,DJ,YTP,SWPP,PPW,TKF7134,TSGT,NWMT
WACM,FOURCORNE345,BRDY,PSEI,PPW,TKF7117,CRCM,IPCO
CISO,FGE,JBSN,BPAT,PPW,TKF6489,CRCM,IPCO
WALC,Glencanyon2,BORA,AVRN,PPW,TKF3418,CRCM,IPCO
WALC,Glencanyon2,BORA,CISO,PPW,TKF3416,CRCM,IPCO
AZPS,FOURCORNE345,BRDY,GRID,PPW,TKF0202,TEPC,IPCO
CISO,FGE,YTP,NWMT,PPW,TKE1802,CRCM,NWMT
CISO,DJ,YTP,NWMT,PPW,TKE1790,PPW,NWMT
PSCO,DJ,YTP,NWMT,PPW,TKE1400,TSGT,NWMT
CISO,FGE,DJ,NWMT,PPW,TKE1275,CRCM,PPW
WACM,DJ,YTP,NWMT,PPW,TKE1008,TSGT,NWMT
PSCO,FOURCORNE345,BORA,PSEI,PPW,TKE0428,CRCM,IPCO
SWPP,FOURCORNE345,BORA,CISO,PPW,TKD7566,TEPC,IPCO
BPAT,BORA,FOURCORNE345,CISO,PPW,TKD6866,IPCO,TEPC
SWPP,FOURCORNE345,BORA,BPAT,PPW,TKD3305,TSGT,IPCO
BPAT,BRDY,DJ,SWPP,PPW,TKD0053,IPCO,BHBE
AESO,DJ,JBSN,BPAT,PPW,TKD0052,PPW,PPW
AESO,YTP,DJ,BPAT,PPW,TKD0052,NWMT,PPW
AESO,YTP,DJ,SWPP,PPW,TKD0022,NWMT,BHBE
AESO,BRDY,RedB,CISO,PPW,TKC9967,PPW,NEVP
AESO,BRDY,FOURCORNE345,TEPC,PPW,TKC9232,NWMT,TEPC
GRID,RedB,BORA,BPAT,PPW,TKC7176,NEVP,IPCO
AZPS,BPAT.NWMT,BRDY,PACE,PPW,TKC5894,PPW,PPW
NEVP,BPAT.NWMT,BRDY,PACE,PPW,TKC5877,PPW,PPW
WALC,BPAT.NWMT,BRDY,PACE,PPW,TKC5867,PPW,PPW
CISO,Glencanyon2,BRDY,BPAT,PPW,TKC5436,CRCM,NWMT
CISO,FOURCORNE345,BRDY,GRID,PPW,TKC4769,TEPC,IPCO
GRID,RedB,BRDY,BPAT,PPW,TKC1505,NEVP,IPCO
SRP,RedB,BRDY,BPAT,PPW,TKC0979,NEVP,IPCO
AZPS,BRDY,BPAT.NWMT,AVA,PPW,TKC0968,PPW,PPW
GRID,BRDY,BPAT.NWMT,AVA,PPW,TKC0965,PPW,PPW
SRP,RedB,BRDY,AVA,PPW,TKC0938,NEVP,IPCO
AZPS,BRDY,BPAT.NWMT,CISO,PPW,TKC0902,PPW,PPW
PSCO,FOURCORNE345,BORA,AESO,PPW,TKC0537,CRCM,IPCO
PSCO,FOURCORNE345,BORA,BPAT,PPW,TKC0501,PNM,IPCO
AESO,BRDY,RedB,BPAT,PPW,TKB9318,NWMT,NEVP
WALC,FOURCORNE345,BRDY,NWMT,PPW,TKB8871,TEPC,PPW
WALC,BRDY,BPAT.NWMT,NWMT,PPW,TKB8871,PPW,PPW
NWMT,JBSN,FGE,CISO,PPW,TKB7222,PPW,CRCM
CISO,FOURCORNE345,BORA,AVRN,PPW,TKB5981,TEPC,IPCO
SRP,FOURCORNE345,BRDY,PSEI,PPW,TKB2710,TEPC,IPCO
AZPS,FOURCORNE345,BRDY,CISO,PPW,TKA4347,TEPC,IPCO
WACM,RedB,BRDY,BPAT,PPW,TKA2373,PPW,PPW
SWPP,JBSN,BORA,CISO,PPW,TJZ5362,PPW,PPW
WACM,DJ,FGE,CISO,PPW,TJZ0563,LAPT,CRCM
BPAT,BRDY,FOURCORNE345,AZPS,PPW,TJY5504,PPW,AZPS
BPAT,BPAT.NWMT,BRDY,AZPS,PPW,TJY5472,PPW,PPW
BPAT,BORA,FOURCORNE345,AZPS,PPW,TJY5447,IPCO,AZPS
CISO,DJ,YTP,SWPP,PPW,TJY3125,TSGT,SWPP
AVA,BPAT.NWMT,BRDY,NEVP,PPW,TJY0299,PPW,PPW
IPCO,BRDY,FOURCORNE345,PACE,PPW,TJX3947,IPCO,TEPC
WACM,JBSN,FGE,CISO,PPW,TJX1691,PPW,CRCM
PACE,BORA,FOURCORNE345,AZPS,PPW,TJX0959,PPW,TEPC
CISO,BRDY,FOURCORNE345,CISO,PPW,TJX0887,NWMT,CRCM
BPAT,BORA,FOURCORNE345,TEPC,PPW,TJX0008,TEPC,TEPC
BPAT,BPAT.NWMT,BRDY,WALC,PPW,TJW9433,PPW,PPW
AVA,BRDY,FOURCORNE345,CISO,PPW,TJW8731,PPW,PPW
AVA,BPAT.NWMT,BRDY,CISO,PPW,TJW8731,PPW,PPW
GRID,BRDY,RedB,CISO,PPW,TJW6729,PPW,NEVP
WACM,DJ,YTP,CISO,PPW,TJW6093,LAPT,NWMT
CISO,RedB,BRDY,PACE,PPW,TJV9087,NEVP,PPW
AVRN,BPAT.NWMT,BRDY,NEVP,PPW,TJV8610,PPW,PPW
AVRN,BRDY,RedB,NEVP,PPW,TJV8610,PPW,NEVP
NWMT,BRDY,RedB,WALC,PPW,TJV4605,PPW,NEVP
NWMT,BPAT.NWMT,BRDY,WALC,PPW,TJV4605,PPW,PPW
PSEI,BPAT.NWMT,BRDY,TEPC,PPW,TJV3318,PPW,PPW
AVRN,BPAT.NWMT,BRDY,TEPC,PPW,TJV3219,PPW,PPW
AVRN,BRDY,FOURCORNE345,TEPC,PPW,TJV3219,PPW,TEPC
CISO,FOURCORNE345,BRDY,AVRN,PPW,TJU8432,TEPC,NWMT
PACE,BRDY,BPAT.NWMT,AESO,PPW,TJU2660,PPW,PPW
BPAT,YTP,FGE,CISO,PPW,TJU0466,PSEI,CRCM
BPAT,JBSN,FGE,CISO,PPW,TJU0454,PPW,CRCM
SWPP,DJ,YTP,CISO,PPW,TJT7750,TSGT,PPW
BPAT,BRDY,RedB,SRP,PPW,TJT7550,PPW,NEVP
BPAT,BPAT.NWMT,BRDY,SRP,PPW,TJT7550,PPW,PPW
WACM,FOURCORNE345,RedB,NEVP,PPW,TJT7422,PPW,NEVP
WACM,DJ,JBSN,NEVP,PPW,TJT7422,BEPW,PPW
WACM,DJ,JBSN,WACM,PPW,TJT7387,BEPW,PPW
CISO,RedB,JBSN,BPAT,PPW,TJS8638,NEVP,PPW
CISO,RedB,JBSN,NWMT,PPW,TJS8346,NEVP,IPCO
CISO,FOURCORNE345,JBSN,BPAT,PPW,TJS7755,TEPC,PPW
SWPP,YTP,DJ,PACE,PPW,TJS6168,SWPP,PPW
WACM,BORA,FOURCORNE345,CISO,PPW,TJS5417,PPW,TEPC
WACM,JBSN,BORA,CISO,PPW,TJS5417,PPW,PPW
WACM,BORA,FOURCORNE345,WALC,PPW,TJS5383,PPW,TEPC
WACM,DJ,JBSN,WALC,PPW,TJS5383,BHBE,PPW
WACM,JBSN,BORA,WALC,PPW,TJS5383,PPW,PPW
WACM,RedB,BORA,AVA,PPW,TJS5245,NEVP,IPCO
WACM,DJ,JBSN,AVA,PPW,TJS5245,BEPW,IPCO
NEVP,RedB,BORA,BPAT,PPW,TJS5203,NEVP,IPCO
SWPP,BRDY,FOURCORNE345,CISO,PPW,TJS4534,PPW,TEPC
SWPP,WYODAK,JBSN,CISO,PPW,TJS3817,BHBE,IPCO
CISO,RedB,BORA,AVA,PPW,TJS3641,NEVP,IPCO
NEVP,RedB,BRDY,BPAT,PPW,TJS3554,NEVP,PPW
CISO,RedB,BORA,AVRN,PPW,TJS3414,NEVP,IPCO
NWMT,BRDY,FOURCORNE345,TEPC,PPW,TJS2629,PPW,TEPC
NEVP,RedB,JBSN,BPAT,PPW,TJR9732,NEVP,PPW
SWPP,YTP,DJ,BPAT,PPW,TJR9254,NWMT,TSGT
CISO,Glencanyon2,JBSN,BPAT,PPW,TJR9032,CRCM,IPCO
SRP,RedB,JBSN,BPAT,PPW,TJR8066,NEVP,IPCO
SRP,RedB,BORA,BPAT,PPW,TJR8056,NEVP,IPCO
AZPS,RedB,BORA,BPAT,PPW,TJR4059,NEVP,IPCO
SRP,RedB,GON.PAV,BPAT,PPW,TJR2713,NEVP,NEVP
SRP,RedB,BORA,IPCO,PPW,TJR2599,NEVP,IPCO
CISO,GON.PAV,BORA,BPAT,PPW,TJQ7108,NEVP,IPCO
PSCO,FOURCORNE345,BRDY,GRID,PPW,TJQ6903,TSGT,IPCO
PSCO,DJ,BRDY,GRID,PPW,TJQ6901,BEPW,IPCO
WACM,DJ,BRDY,CISO,PPW,TJQ6816,BHBE,IPCO
WACM,DJ,BRDY,NWMT,PPW,TJQ6291,BHBE,IPCO
CISO,FOURCORNE345,JBSN,NWMT,PPW,TJQ3460,CRCM,PPW
TEPC,FOURCORNE345,JBSN,BPAT,PPW,TJP9093,TEPC,IPCO
CISO,FOURCORNE345,BORA,AVA,PPW,TJO4631,TEPC,PPW
CISO,BRDY,BPAT.NWMT,PSEI,PPW,TJO3613,PPW,PPW
CISO,GON.PAV,BRDY,BPAT,PPW,TJO2892,NEVP,IPCO
SWPP,FOURCORNE345,BRDY,NWMT,PPW,TJO0764,CRCM,NWMT
PSEI,BORA,FOURCORNE345,CISO,PPW,TJO0289,IPCO,CRCM
SWPP,FOURCORNE345,RedB,CISO,PPW,TJN7298,PSCO,NEVP
AESO,BORA,FOURCORNE345,CISO,PPW,TJM4112,IPCO,PPW
AESO,FOURCORNE345,RedB,CISO,PPW,TJM4112,PPW,NEVP
BPAT,RedB,FOURCORNE345,CISO,PPW,TJM1290,NEVP,AZPS
PSCO,DJ,YTP,BPAT,PPW,TJL9739,TSGT,PPW
PSCO,DJ,YTP,CISO,PPW,TJL6601,LAPT,NWMT
WACM,FOURCORNE345,BORA,BPAT,PPW,TJK7887,TSGT,IPCO
CISO,BRDY,BPAT.NWMT,GRID,PPW,TJK7039,PPW,PPW
PSCO,FOURCORNE345,BRDY,BPAT,PPW,TJJ7405,TEPC,PPW
AVRN,JBSN,FGE,CISO,PPW,TJJ6158,PPW,CRCM
AVRN,JBSN,DJ,CISO,PPW,TJJ6141,PPW,TSGT
BPAT,JBSN,DJ,CISO,PPW,TJJ6008,PPW,TSGT
SWPP,BRDY,BPAT.NWMT,CISO,PPW,TJJ1760,PPW,PPW
CISO,FOURCORNE345,BRDY,SWPP,PPW,TJJ0566,AZPS,PPW
WACM,DJ,YTP,AESO,PPW,TJI0998,BHBE,NWMT
WACM,DJ,YTP,PSEI,PPW,TJI0980,BHBE,NWMT
WACM,BPAT.NWMT,BRDY,CISO,PPW,TJH8020,PPW,PPW
AESO,DJ,JBSN,CISO,PPW,TJH2470,LAPT,PPW
AVRN,DJ,JBSN,CISO,PPW,TJH2420,LAPT,PPW
BPAT,DJ,JBSN,CISO,PPW,TJH2415,PPW,PPW
NWMT,BRDY,RedB,NEVP,PPW,TJG6763,LAPT,NWMT
NWMT,DJ,JBSN,NEVP,PPW,TJG6763,LAPT,IPCO
SWPP,DJ,JBSN,NEVP,PPW,TJG5091,PPW,IPCO
SWPP,YTP,DJ,NEVP,PPW,TJG5091,SWPP,PPW
SWPP,BRDY,RedB,NEVP,PPW,TJG4952,IPCO,NEVP
SWPP,YTP,JBSN,NEVP,PPW,TJE9844,SWPP,PPW
SWPP,BPAT.NWMT,BRDY,WALC,PPW,TJE7030,PPW,PPW
SWPP,BRDY,FOURCORNE345,WALC,PPW,TJE7030,PPW,NULL
SWPP,YTP,FGE,WALC,PPW,TJE3258,SWPP,CRCM
SWPP,YTP,FGE,NEVP,PPW,TJE3255,SWPP,PPW
WACM,BRDY,RedB,NEVP,PPW,TJD9518,IPCO,NEVP
WACM,YTP,FGE,NEVP,PPW,TJD9518,PPW,PPW
BPAT,YTP,FGE,NEVP,PPW,TJD9231,PSEI,PPW
BPAT,BRDY,RedB,NEVP,PPW,TJD9231,NWMT,NEVP
BPAT,YTP,YTP,NWMT,PPW,TJD8483,NWMT,NWMT
BPAT,YTP,JBSN,CISO,PPW,TJD6279,TEPC,TEPC
WACM,DJ,YTP,AVRN,PPW,TJD4496,BHBE,NWMT
BPAT,BORA,FOURCORNE345,SWPP,PPW,TJD4191,IPCO,PNM
BPAT,YTP,DJ,CISO,PPW,TJD0503,NWMT,TSGT
AVRN,YTP,FGE,CISO,PPW,TJD0379,NWMT,CRCM
PSCO,DJ,YTP,PSEI,PPW,TJD0029,LAPT,NWMT
NWMT,DJ,JBSN,CISO,PPW,TJC3761,PPW,PPW
BPAT,BORA,FGE,CISO,PPW,TJC2821,IPCO,CRCM
BPAT,BORA,DJ,CISO,PPW,TJC2127,IPCO,BHBE
PSEI,YTP,JBSN,CISO,PPW,TJC0436,NWMT,IPCO
BPAT,BORA,FOURCORNE345,PSCO,PPW,TJB9203,IPCO,PSCO
PSCO,FOURCORNE345,BORA,AVRN,PPW,TJB8186,CRCM,PPW
PSCO,FOURCORNE345,BRDY,AVRN,PPW,TJB8054,CRCM,PPW
IPCO,BORA,FOURCORNE345,CISO,PPW,TJB7360,IPCO,AZPS
WACM,DJ,YTP,AVA,PPW,TJB6242,BEPW,NWMT
CISO,RedB,FOURCORNE345,SWPP,PPW,TJB5939,NEVP,PNM
SWPP,BRDY,BPAT.NWMT,AESO,PPW,TJB3782,PPW,PPW
SWPP,RedB,FOURCORNE345,CISO,PPW,TJB3106,PPW,AZPS
PSEI,YTP,DJ,WACM,PPW,TJB2575,NWMT,TSGT
PSCO,FOURCORNE345,BRDY,AESO,PPW,TJB2144,CRCM,PPW
PSCO,BRDY,BPAT.NWMT,AESO,PPW,TJB2144,PPW,PPW
AESO,BORA,RedB,CISO,PPW,TJA4355,IPCO,NEVP
PSCO,DJ,JBSN,PSEI,PPW,TJA2592,BEPW,PPW
CISO,RedB,BRDY,GRID,PPW,TIZ8036,NEVP,PPW
WACM,WYODAK,JBSN,BPAT,PPW,TIZ7701,BHBE,PPW
NEVP,RedB,BORA,AESO,PPW,TIZ7459,NEVP,IPCO
NEVP,RedB,JBSN,AESO,PPW,TIZ7449,NEVP,PPW
CISO,RedB,JBSN,PSEI,PPW,TIZ7333,NEVP,IPCO
CISO,DJ,JBSN,BPAT,PPW,TIZ6826,TSGT,PPW
WACM,JBSN,BRDY,BPAT,PPW,TIZ4757,PPW,NWMT
WACM,JBSN,RedB,CISO,PPW,TIZ4295,PPW,NEVP
WACM,DJ,YTP,GRID,PPW,TIZ4224,BHBE,NWMT
WACM,WYODAK,JBSN,AVRN,PPW,TIZ1603,BHBE,PPW
SWPP,DJ,BORA,CISO,PPW,TIZ0726,LAPT,IPCO
BPAT,BORA,FOURCORNE345,GRID,PPW,TIY1537,IPCO,AZPS
NWMT,BPAT.NWMT,BRDY,TEPC,PPW,TIW0580,PPW,PPW
PSEI,BORA,FOURCORNE345,TEPC,PPW,TIV6333,IPCO,TEPC
GRID,BRDY,FOURCORNE345,TEPC,PPW,TIU2466,IPCO,AZPS
WACM,WYODAK,YTP,CISO,PPW,TIT3065,BHBE,NWMT
SWPP,DJ,YTP,SWPP,PPW,TIS9890,LAPT,NWMT
BPAT,BRDY,WYODAK,SWPP,PPW,TIS4337,PPW,BHBE
CISO,FOURCORNE345,RedB,BPAT,PPW,TIR6443,AZPS,NEVP
AVA,BRDY,FOURCORNE345,TEPC,PPW,TIR3455,PPW,TEPC
AVA,BPAT.NWMT,BRDY,TEPC,PPW,TIR3455,PPW,PPW
AVRN,YTP,DJ,WACM,PPW,TIR2185,NWMT,TSGT
NWMT,YTP,DJ,SWPP,PPW,TIQ6637,NWMT,LAPT
TEPC,FOURCORNE345,YTP,BPAT,PPW,TIQ3763,TEPC,NWMT
AVA,BORA,FOURCORNE345,TEPC,PPW,TIP9672,IPCO,TEPC
SWPP,DJ,YTP,PSEI,PPW,TIP7187,LAPT,NWMT
SWPP,DJ,YTP,AVRN,PPW,TIP6896,LAPT,NWMT
SWPP,DJ,YTP,AVA,PPW,TIP5597,LAPT,NWMT
CISO,FOURCORNE345,YTP,BPAT,PPW,TIP4696,TEPC,NWMT
SWPP,DJ,YTP,GRID,PPW,TIP2974,LAPT,NWMT
PACE,DJ,YTP,AESO,PPW,TIP1978,PPW,NWMT
PSCO,DJ,YTP,AVRN,PPW,TIO8430,LAPT,NWMT
PACE,DJ,YTP,NWMT,PPW,TIO7629,PPW,NWMT
SWPP,DJ,YTP,NWMT,PPW,TIO7240,LAPT,NWMT
WACM,FOURCORNE345,BORA,NWMT,PPW,TIO5372,CRCM,IPCO
SWPP,BRDY,BPAT.NWMT,GRID,PPW,TIN8281,PPW,PPW
BPAT,BORA,Glencanyon2,TEPC,PPW,TIN7788,IPCO,CRCM
AVRN,BORA,Glencanyon2,TEPC,PPW,TIN7785,IPCO,CRCM
PSEI,BORA,Glencanyon2,TEPC,PPW,TIN7762,IPCO,CRCM
NWMT,BORA,Glencanyon2,TEPC,PPW,TIN7757,IPCO,CRCM
NWMT,BORA,FOURCORNE345,TEPC,PPW,TIN7281,IPCO,AZPS
SWPP,DJ,JBSN,AVA,PPW,TIN1338,BHBE,IPCO
CISO,DJ,YTP,BPAT,PPW,TIM3861,LAPT,NWMT
TEPC,FOURCORNE345,BRDY,AESO,PPW,TIL8013,TEPC,NWMT
BPAT,BORA,Glencanyon2,AZPS,PPW,TIL4053,IPCO,CRCM
SWPP,DJ,YTP,AESO,PPW,TIK1396,SWPP,NWMT
BCHA,BRDY,FOURCORNE345,NEVP,PPW,TIJ7632,IPCO,AZPS
BPAT,BRDY,FOURCORNE345,NEVP,PPW,TIJ7617,IPCO,AZPS
GRID,BRDY,FOURCORNE345,NEVP,PPW,TIJ7568,IPCO,AZPS
PSCO,YTP,JBSN,NEVP,PPW,TIJ7193,PPW,PPW
PSCO,DJ,YTP,NEVP,PPW,TIJ7193,BEPW,PPW
BCHA,YTP,JBSN,NEVP,PPW,TIJ7073,NWMT,PPW
GRID,BPAT.NWMT,BRDY,NEVP,PPW,TIJ6460,PPW,PPW
GRID,YTP,JBSN,NEVP,PPW,TIJ6384,NWMT,PPW
SWPP,YTP,YTP,BPAT,PPW,TII8367,PPW,PPW
PACE,FOURCORNE345,BORA,BPAT,PPW,TIH8337,PPW,IPCO
BPAT,BRDY,YTP,NWMT,PPW,TIE1667,IPCO,NWMT
BPAT,YTP,FOURCORNE345,TEPC,PPW,TIE0858,NWMT,TEPC
BPAT,YTP,RedB,CISO,PPW,TIE0129,NWMT,NEVP
PSCO,DJ,BORA,BPAT,PPW,TIC2246,LAPT,IPCO
PSCO,YTP,YTP,BPAT,PPW,TIB6287,LAPT,NWMT
TEPC,YTP,YTP,BPAT,PPW,TIB5189,LAPT,NWMT
PSCO,DJ,BRDY,BPAT,PPW,TIB4075,LAPT,PPW
SWPP,WYODAK,YTP,BPAT,PPW,THZ9306,BHBE,NWMT
SWPP,DJ,BRDY,BPAT,PPW,THZ8850,BEPW,IPCO
BPAT,YTP,FOURCORNE345,CISO,PPW,THX6713,NWMT,TEPC
NWMT,YTP,FOURCORNE345,TEPC,PPW,THX6286,NWMT,TEPC
SWPP,DJ,FOURCORNE345,CISO,PPW,THX4730,LAPT,TEPC
SWPP,WYODAK,FOURCORNE345,CISO,PPW,THX4607,BHBE,AZPS
SWPP,WYODAK,GON.PAV,CISO,PPW,THX4352,BHBE,NEVP
SWPP,DJ,GON.PAV,CISO,PPW,THX4332,BEPW,NEVP
SWPP,WYODAK,BORA,NEVP,PPW,THW2063,BHBE,IPCO
BPAT,YTP,GON.PAV,NEVP,PPW,THV0595,NWMT,NEVP
BPAT,BORA,GON.PAV,NEVP,PPW,THS0731,IPCO,NEVP
AZPS,FOURCORNE345,BRDY,AESO,PPW,THL1550,TEPC,IPCO
WACM,DJ,BRDY,BPAT,PPW,THK3761,LAPT,PPW
GRID,GON.PAV,FOURCORNE345,TEPC,PPW,RT20P4T,NEVP,TEPC
GRID,DJ,YTP,CISO,PPW,PCH3394,BEPW,NWMT
WACM,DJ,FGE,PACE,PPW,MSVC934,BEPW,CRCM
BPAT,BRDY,Glencanyon2,CISO,PPW,MSKA221,PPW,CRCM
BPAT,BORA,GON.PAV,CISO,PPW,MSJH526,IPCO,NEVP
BPAT,BORA,Glencanyon2,CISO,PPW,MSJA949,IPCO,CRCM
GRID,Glencanyon2,BORA,BPAT,PPW,MSCH235,CRCM,IPCO
BPAT,YTP,JBSN,NEVP,PPW,MEWF10O,NWMT,IPCO
NWMT,YTP,BORA,BPAT,PPW,ME0947A,NWMT,IPCO
GRID,YTP,FGE,NEVP,PPW,JUL22KK,NWMT,PPW
IPCO,BRDY,FOURCORNE345,SRP,PPW,HH00897,IPCO,AZPS
IPCO,BRDY,FOURCORNE345,TEPC,PPW,GXP13MO,IPCO,TEPC
PSEI,YTP,FGE,NEVP,PPW,GLJ21AP,NWMT,PPW
BPAT,YTP,FGE,WALC,PPW,EXU13HB,PSEI,CRCM
WACM,FOURCORNE345,BRDY,NWMT,PPW,ENKV984,CRCM,PPW
BPAT,YTP,DJ,WALC,PPW,ENKP293,NWMT,LAPT
BPAT,YTP,DJ,AZPS,PPW,ENKP292,NWMT,LAPT
BPAT,FOURCORNE345,DJ,WACM,PPW,EAIG202,TEPC,TSGT
NWMT,YTP,FGE,PACE,PPW,EAHB919,NWMT,PPW
WACM,BRDY,RedB,WALC,PPW,DTGK534,IPCO,NEVP
BPAT,DJ,FGE,WALC,PPW,DTEM452,LAPT,CRCM
PSCO,BRDY,RedB,WALC,PPW,DJUL11G,IPCO,NEVP
AZPS,FOURCORNE345,BORA,AESO,PPW,CPC2367,NT4C,IPCO
WACM,DJ,FGE,BPAT,PPW,AWS2036,BPAT,CRCM
PACE,JBSN,JBSN,BPAT,PPW,AWS1990,NULL,IPCO
AZPS,BRDY,BPAT.NWMT,NWMT,PPW,ALV4816,PPW,PPW
AZPS,FOURCORNE345,BORA,BCHA,PPW,AC31299,TEPC,IPCO
CISO,FOURCORNE345,BORA,BCHA,PPW,AC31252,TEPC,IPCO
SRP,FOURCORNE345,BORA,BCHA,PPW,AC30982,TEPC,IPCO
SRP,FOURCORNE345,BRDY,BCHA,PPW,AC30979,TEPC,IPCO
BCHA,BRDY,RedB,WACM,PPW,AC20149,NWMT,NEVP
CISO,JBSN,JBSN,BCHA,PPW,AA99718,PPW,IPCO
CISO,FOURCORNE345,JBSN,BCHA,PPW,AA99718,TEPC,PPW
CISO,FGE,JBSN,BCHA,PPW,AA98348,CRCM,PPW
IPCO,BORA,RedB,NEVP,PPW,2627914,IPCO,NEVP
PSEI,BRDY,RedB,NEVP,PPW,2626111,IPCO,NEVP
IPCO,BRDY,GON.PAV,NEVP,PPW,2623224,IPCO,NEVP
GRID,RedB,BRDY,AVA,PPW,2611682,NEVP,IPCO
AZPS,FOURCORNE345,JBSN,AVA,PPW,2602143,AZPS,IPCO
AZPS,FOURCORNE345,JBSN,BPAT,PPW,2602056,AZPS,IPCO
IPCO,BRDY,GON.PAV,PACE,PPW,2580251,IPCO,PPW
IPCO,BRDY,Glencanyon2,NEVP,PPW,2579853,IPCO,CRCM
NWMT,DJ,JBSN,PACE,PPW,2533578,LAPT,IPCO
BPAT,BORA,FOURCORNE345,EPE,PPW,1202DCX,IPCO,TEPC
GRID,RedB,BORA,IPCO,PPW,1101S03,NEVP,IPCO
TEPC,RedB,BORA,IPCO,PPW,1031JA3,NEVP,IPCO
AZPS,RedB,BORA,IPCO,PPW,1030J04,NEVP,IPCO
NEVP,RedB,BORA,IPCO,PPW,1024S06,NEVP,IPCO
SWPP,JBSN,BRDY,BPAT,PPW,0907RXC,PPW,NWMT
BPAT,BORA,Glencanyon2,PSCO,PPW,0904SH8,IPCO,CRCM
CISO,RedB,GON.PAV,NWMT,PPW,0801MXG,NEVP,NEVP
WACM,FOURCORNE345,BRDY,CISO,PPW,0718DB8,CRCM,PPW
BPAT,BORA,FOURCORNE345,NEVP,PPW,0712AG3,IPCO,AZPS
SWPP,DJ,JBSN,AVRN,PPW,0706DCW,LAPT,IPCO
AESO,BORA,FOURCORNE345,NEVP,PPW,0620RYB,IPCO,AZPS
BPAT,BORA,FOURCORNE345,WALC,PPW,0616DCQ,SWPP,TEPC
BPAT,BORA,FOURCORNE345,PACE,PPW,0613RWP,IPCO,PPW
BPAT,JBSN,FGE,PSCO,PPW,0605DZ0,IPCO,CRCM
BPAT,DJ,JBSN,WALC,PPW,0441118,LAPT,PPW
PSCO,FOURCORNE345,RedB,BPAT,PPW,0423EK4,CRCM,NEVP
NEVP,FOURCORNE345,JBSN,BPAT,PPW,0418BLQ,AZPS,IPCO
WACM,FOURCORNE345,JBSN,BPAT,PPW,0418BLC,CRCM,IPCO
SWPP,DJ,FGE,BPAT,PPW,0413DZ2,TSGT,TSGT
NWMT,FOURCORNE345,DJ,WACM,PPW,0298749,PPW,TSGT
AZPS,FOURCORNE345,DJ,PSCO,PPW,0298747,TEPC,TSGT
AVRN,JBSN,FGE,PSCO,PPW,0297438,IPCO,CRCM
AVA,JBSN,FGE,PSCO,PPW,0297142,IPCO,CRCM
NWMT,YTP,DJ,PSCO,PPW,0296262,NWMT,LAPT
TEPC,FOURCORNE345,DJ,WACM,PPW,0294394,TEPC,TSGT
TEPC,FOURCORNE345,FGE,WACM,PPW,0291020,TEPC,CRCM
WALC,FOURCORNE345,DJ,SWPP,PPW,0289867,CRCM,BHBE
PACE,FOURCORNE345,FGE,WACM,PPW,0288764,PPW,CRCM
NWMT,JBSN,DJ,WACM,PPW,0288195,IPCO,TSGT
AVA,JBSN,DJ,PSCO,PPW,0287442,IPCO,LAPT
GRID,FOURCORNE345,FGE,PSCO,PPW,0287374,TEPC,CRCM
AZPS,FOURCORNE345,FGE,PSCO,PPW,0287341,TEPC,CRCM
NEVP,JBSN,FGE,WACM,PPW,0287335,IPCO,CRCM
NEVP,JBSN,FGE,PSCO,PPW,0287284,IPCO,CRCM
TEPC,FOURCORNE345,FGE,PSCO,PPW,0287211,TEPC,CRCM
GRID,FOURCORNE345,FGE,WACM,PPW,0287203,CRCM,CRCM
AVA,YTP,JBSN,WACM,PPW,0287113,NWMT,PPW
AVA,YTP,JBSN,PSCO,PPW,0287111,NWMT,PPW
WALC,JBSN,WYODAK,WACM,PPW,0286726,PPW,BHBE
WALC,FOURCORNE345,JBSN,WACM,PPW,0286726,AZPS,PPW
CISO,FOURCORNE345,JBSN,PSCO,PPW,0286712,TEPC,PPW
BPAT,FOURCORNE345,JBSN,WACM,PPW,0286704,AZPS,PPW
BPAT,JBSN,WYODAK,WACM,PPW,0286704,PPW,BHBE
CISO,JBSN,WYODAK,PSCO,PPW,0286683,PPW,BHBE
BCHA,FOURCORNE345,JBSN,WACM,PPW,0286630,AZPS,PPW
BCHA,JBSN,DJ,WACM,PPW,0286630,PPW,TSGT
WALC,JBSN,DJ,WACM,PPW,0286628,PPW,LAPT
BPAT,FOURCORNE345,BORA,WACM,PPW,0286595,AZPS,IPCO
BCHA,FOURCORNE345,BORA,WACM,PPW,0286532,AZPS,IPCO
GRID,FOURCORNE345,BORA,WACM,PPW,0286521,AZPS,IPCO
GRID,JBSN,WYODAK,WACM,PPW,0286521,IPCO,BHBE
WALC,FOURCORNE345,BORA,WACM,PPW,0286509,AZPS,IPCO
WALC,JBSN,WYODAK,PSCO,PPW,0286498,IPCO,BHBE
WALC,FOURCORNE345,BORA,PSCO,PPW,0286498,AZPS,IPCO
PACE,FGE,DJ,WACM,PPW,0286415,CRCM,LAPT
WALC,FOURCORNE345,FGE,WACM,PPW,0279371,TEPC,CRCM
SRP,FOURCORNE345,FGE,WACM,PPW,0279356,CRCM,CRCM
WALC,FOURCORNE345,DJ,WACM,PPW,0279336,TEPC,LAPT
SRP,FOURCORNE345,DJ,WACM,PPW,0279334,PNM,TSGT
TEPC,FOURCORNE345,DJ,PSCO,PPW,0278542,TEPC,TSGT
AVRN,BPAT.NWMT,BRDY,PSCO,PPW,0274693,PPW,PPW
AVRN,BRDY,FGE,PSCO,PPW,0274693,PPW,CRCM
AVRN,BRDY,FGE,WACM,PPW,0274678,PPW,CRCM
AVA,YTP,DJ,WACM,PPW,0270350,NWMT,TSGT
AVA,YTP,DJ,PSCO,PPW,0270334,NWMT,TSGT
IPCO,JBSN,FGE,WACM,PPW,0265519,IPCO,CRCM
IPCO,JBSN,FGE,PSCO,PPW,0265511,SETH,CRCM
AVA,JBSN,FGE,WACM,PPW,0265260,IPCO,CRCM
BPAT,GON.PAV,RedB,CISO,PPW,0252171,TSGT,NEVP
BPAT,BRDY,GON.PAV,CISO,PPW,0252171,TSGT,PPW
BPAT,GON.PAV,Glencanyon2,CISO,PPW,0252067,NEVP,CRCM
BPAT,BORA,RedB,WALC,PPW,0250483,IPCO,NEVP
AZPS,FOURCORNE345,DJ,WACM,PPW,0238658,TSGT,TSGT
SRP,FOURCORNE345,DJ,PSCO,PPW,0238475,TEPC,TSGT
SWPP,DJ,FGE,PACE,PPW,0231799,BHBE,CRCM
AVA,BRDY,DJ,WACM,PPW,0231408,PPW,TSGT
BPAT,YTP,DJ,PACE,PPW,022182I,NWMT,PPW
WACM,Glencanyon2,DJ,WACM,PPW,0209052,CRCM,TSGT
AESO,BRDY,FGE,PSCO,PPW,0208585,IPCO,CRCM
AESO,BRDY,FGE,WACM,PPW,0208584,IPCO,CRCM
NEVP,FOURCORNE345,DJ,WACM,PPW,0208560,AZPS,TSGT
AVA,BORA,FOURCORNE345,WACM,PPW,0208013,IPCO,TSGT
AVA,BORA,FOURCORNE345,PSCO,PPW,0207626,IPCO,CRCM
AVA,BORA,DJ,WACM,PPW,0206757,IPCO,TSGT
CISO,FOURCORNE345,FGE,WACM,PPW,0201114,TSGT,CRCM
CISO,FGE,DJ,WACM,PPW,0195994,CRCM,TSGT
GRID,FOURCORNE345,DJ,WACM,PPW,0195992,TEPC,TSGT
GRID,FOURCORNE345,JBSN,BPAT,PPW,0192386,AZPS,IPCO
AVA,JBSN,DJ,WACM,PPW,0189804,IPCO,LAPT
GRID,FOURCORNE345,DJ,PSCO,PPW,0186569,CRCM,TSGT
AVRN,JBSN,FGE,WACM,PPW,0182565,IPCO,CRCM
NWMT,JBSN,FGE,WACM,PPW,0176111,IPCO,CRCM
NWMT,BPAT.NWMT,FOURCORNE345,CISO,PPW,0170127,NWMT,AZPS
BPAT,BRDY,FOURCORNE345,PACE,PPW,0165624,PPW,PPW
NWMT,BORA,FOURCORNE345,PSCO,PPW,0162244,IPCO,CRCM
NWMT,BORA,FOURCORNE345,WACM,PPW,0162243,IPCO,CRCM
PSCO,BORA,FOURCORNE345,PACE,PPW,0160444,IPCO,PPW
WACM,BORA,FOURCORNE345,TEPC,PPW,0160442,IPCO,TEPC
PSCO,BORA,FOURCORNE345,TEPC,PPW,0159676,IPCO,TEPC
PSCO,Glencanyon2,BORA,BPAT,PPW,0151581,CRCM,IPCO
BPAT,BORA,FGE,WACM,PPW,0147463,IPCO,CRCM
TEPC,Glencanyon2,BORA,BPAT,PPW,0140265,CRCM,IPCO
WACM,DJ,JBSN,IPCO,PPW,0102MJO,BEPW,IPCO
PSCO,DJ,YTP,AVA,PPW,0074580,BEPW,NWMT
AZPS,DJ,YTP,BPAT,PPW,0074539,LAPT,NWMT
NEVP,DJ,YTP,NWMT,PPW,0060247,BEPW,NWMT
TEPC,DJ,YTP,NWMT,PPW,0060211,BEPW,NWMT
AZPS,DJ,YTP,NWMT,PPW,0060079,BEPW,NWMT
GRID,YTP,FGE,AZPS,PPW,0059597,NWMT,CRCM
PSEI,YTP,FGE,TEPC,PPW,0059595,NWMT,CRCM
GRID,YTP,FGE,TEPC,PPW,0059577,NWMT,CRCM
GRID,BRDY,RedB,NEVP,PPW,0059254,IPCO,NEVP
BPAT,YTP,DJ,EPE,PPW,0058876,NWMT,PPW
BPAT,YTP,DJ,NEVP,PPW,0058874,NWMT,PPW
BPAT,YTP,FGE,TEPC,PPW,0058400,NWMT,PPW
WACM,YTP,FGE,WALC,PPW,0058154,LAPT,CRCM
WACM,DJ,YTP,NEVP,PPW,0057954,NULL,PPW
SWPP,DJ,YTP,NEVP,PPW,0057841,LAPT,PPW
BPAT,DJ,JBSN,WACM,PPW,0057624,PPW,PPW
BPAT,JBSN,FGE,WACM,PPW,0057624,PPW,CRCM
GRID,BRDY,BPAT.NWMT,BPAT,PPW,0053436,PPW,PPW
PSCO,FGE,JBSN,BPAT,PPW,0051724,CRCM,IPCO
PSCO,FOURCORNE345,JBSN,BPAT,PPW,0051714,TSGT,IPCO
PACE,FOURCORNE345,RedB,BPAT,PPW,0050264,TEPC,PPW
PACE,RedB,BRDY,BPAT,PPW,0050264,PPW,PPW
PSCO,DJ,YTP,AESO,PPW,0049912,PPW,NWMT
NEVP,DJ,YTP,BPAT,PPW,0046592,LAPT,NWMT
NWMT,YTP,FGE,NEVP,PPW,0044712,PNM,PPW
AVA,BRDY,RedB,NEVP,PPW,0044675,IPCO,NEVP
AVA,YTP,FGE,NEVP,PPW,0044675,NWMT,PPW
BPAT,DJ,JBSN,NEVP,PPW,0043473,LAPT,PPW
CISO,BPAT.NWMT,BRDY,WACM,PPW,0039417,PPW,PPW
CISO,BRDY,FOURCORNE345,WACM,PPW,0039417,PPW,CRCM
GRID,FOURCORNE345,YTP,BPAT,PPW,0039216,AZPS,NWMT
GRID,DJ,YTP,BPAT,PPW,0034600,BEPW,NWMT
PSCO,YTP,BRDY,BPAT,PPW,0034539,PPW,PPW
TEPC,DJ,YTP,BPAT,PPW,0034006,LAPT,NWMT
SWPP,FOURCORNE345,Glencanyon2,BPAT,PPW,0033766,CRCM,PPW
BPAT,YTP,DJ,TEPC,PPW,0030027,NWMT,BEPW
BPAT,YTP,FGE,PACE,PPW,0029682,NWMT,CRCM
SWPP,JBSN,FGE,NEVP,PPW,0026772,PPW,CRCM
SWPP,JBSN,FGE,PACE,PPW,0026771,PPW,CRCM
AESO,BPAT.NWMT,BRDY,NEVP,PPW,0024319,PPW,PPW
TEPC,RedB,DJ,WACM,PPW,0013991,NEVP,PPW
GRID,RedB,DJ,WACM,PPW,0013987,NEVP,PPW
GRID,RedB,YTP,NWMT,PPW,0013804,NEVP,NWMT
PACE,FOURCORNE345,GON.PAV,BPAT,PPW,0011496,PPW,NEVP
PACE,FOURCORNE345,RedB,WALC,PPW,0011455,PPW,NEVP
AZPS,FOURCORNE345,GON.PAV,BPAT,PPW,0010444,SOCO,SC
IPCO,GON.PAV,Glencanyon2,TEPC,PPW,0007567,NEVP,CRCM
WALC,RedB,GON.PAV,BPAT,PPW,0006557,NEVP,NEVP
GRID,RedB,GON.PAV,NWMT,PPW,0004134,SOCO,NEVP
